/* survey_surveyquestionservicecategory */
INSERT INTO "survey_surveyquestionservicecategory" ("id", "titleKey") VALUES (1, 'SERVCAT001');
INSERT INTO "survey_surveyquestionservicecategory" ("id", "titleKey") VALUES (2, 'SERVCAT002');
INSERT INTO "survey_surveyquestionservicecategory" ("id", "titleKey") VALUES (3, 'SERVCAT003');
INSERT INTO "survey_surveyquestionservicecategory" ("id", "titleKey") VALUES (4, 'SERVCAT004');

/* survey_surveysection */
INSERT INTO "survey_surveysection" ("id", "sectionTitleKey") VALUES (1, 'SECTION001');
/* MINSERT INTO "survey_surveysection" ("id", "sectionTitleKey") VALUES (2, 'SECTION002');
INSERT INTO "survey_surveysection" ("id", "sectionTitleKey") VALUES (3, 'SECTION003');
INSERT INTO "survey_surveysection" ("id", "sectionTitleKey") VALUES (4, 'SECTION004'); */


/* survey_surveyquestion */
INSERT INTO "survey_surveyquestion" ("id", "titleKey", "qtype", "qindex", "service_category_id", "section_id", "maxPoints") VALUES (1, 'Q001', 'MT', 1, 1, 1, 0);
INSERT INTO "survey_surveyquestion" ("id", "titleKey", "qtype", "qindex", "service_category_id", "section_id", "maxPoints") VALUES (2, 'Q002', 'T', 2, 1, 1, 0);
INSERT INTO "survey_surveyquestion" ("id", "titleKey", "qtype", "qindex", "service_category_id", "section_id", "maxPoints") VALUES (3, 'Q003', 'T', 3, 1, 1, 0);
INSERT INTO "survey_surveyquestion" ("id", "titleKey", "qtype", "qindex", "service_category_id", "section_id", "maxPoints") VALUES (4, 'Q004', 'T', 4, 1, 1, 0);
INSERT INTO "survey_surveyquestion" ("id", "titleKey", "qtype", "qindex", "service_category_id", "section_id", "maxPoints") VALUES (5, 'Q005', 'T', 5, 1, 1, 0);
INSERT INTO "survey_surveyquestion" ("id", "titleKey", "qtype", "qindex", "service_category_id", "section_id", "maxPoints") VALUES (6, 'Q006', 'T', 6, 1, 1, 0);
INSERT INTO "survey_surveyquestion" ("id", "titleKey", "qtype", "qindex", "service_category_id", "section_id", "maxPoints") VALUES (7, 'Q007', 'T', 7, 1, 1, 0);
INSERT INTO "survey_surveyquestion" ("id", "titleKey", "qtype", "qindex", "service_category_id", "section_id", "maxPoints") VALUES (8, 'Q008', 'T', 8, 1, 1, 0);
INSERT INTO "survey_surveyquestion" ("id", "titleKey", "qtype", "qindex", "service_category_id", "section_id", "maxPoints") VALUES (9, 'Q009', 'ST', 9, 1, 1, 0);
INSERT INTO "survey_surveyquestion" ("id", "titleKey", "qtype", "qindex", "service_category_id", "section_id", "maxPoints") VALUES (10, 'Q010', 'MT', 10, 1, 1, 0);
INSERT INTO "survey_surveyquestion" ("id", "titleKey", "qtype", "qindex", "service_category_id", "section_id", "maxPoints") VALUES (11, 'Q011', 'S', 11, 1, 1, 0);
INSERT INTO "survey_surveyquestion" ("id", "titleKey", "qtype", "qindex", "service_category_id", "section_id", "maxPoints") VALUES (12, 'Q012', 'MT', 12, 1, 1, 0);
INSERT INTO "survey_surveyquestion" ("id", "titleKey", "qtype", "qindex", "service_category_id", "section_id", "maxPoints") VALUES (13, 'Q013', 'MT', 13, 1, 1, 0);
INSERT INTO "survey_surveyquestion" ("id", "titleKey", "qtype", "qindex", "service_category_id", "section_id", "maxPoints") VALUES (14, 'Q014', 'MT', 14, 1, 1, 0);
INSERT INTO "survey_surveyquestion" ("id", "titleKey", "qtype", "qindex", "service_category_id", "section_id", "maxPoints") VALUES (15, 'Q015', 'MT', 15, 1, 1, 0);
INSERT INTO "survey_surveyquestion" ("id", "titleKey", "qtype", "qindex", "service_category_id", "section_id", "maxPoints") VALUES (16, 'Q016', 'T', 16, 1, 1, 0);
INSERT INTO "survey_surveyquestion" ("id", "titleKey", "qtype", "qindex", "service_category_id", "section_id", "maxPoints") VALUES (17, 'Q017', 'S', 17, 1, 1, 0);
INSERT INTO "survey_surveyquestion" ("id", "titleKey", "qtype", "qindex", "service_category_id", "section_id", "maxPoints") VALUES (18, 'Q018', 'T', 18, 1, 1, 0); /* risk management goes up to here */
INSERT INTO "survey_surveyquestion" ("id", "titleKey", "qtype", "qindex", "service_category_id", "section_id", "maxPoints") VALUES (19, 'Q019', 'S', 19, 2, 1, 0);
INSERT INTO "survey_surveyquestion" ("id", "titleKey", "qtype", "qindex", "service_category_id", "section_id", "maxPoints") VALUES (20, 'Q020', 'MT', 20, 2, 1, 0);
INSERT INTO "survey_surveyquestion" ("id", "titleKey", "qtype", "qindex", "service_category_id", "section_id", "maxPoints") VALUES (21, 'Q021', 'T', 21, 2, 1, 0);
INSERT INTO "survey_surveyquestion" ("id", "titleKey", "qtype", "qindex", "service_category_id", "section_id", "maxPoints") VALUES (22, 'Q022', 'S', 22, 3, 1, 0);
INSERT INTO "survey_surveyquestion" ("id", "titleKey", "qtype", "qindex", "service_category_id", "section_id", "maxPoints") VALUES (23, 'Q023', 'MT', 23, 3, 1, 0);
INSERT INTO "survey_surveyquestion" ("id", "titleKey", "qtype", "qindex", "service_category_id", "section_id", "maxPoints") VALUES (24, 'Q024', 'MT', 24, 3, 1, 0);
INSERT INTO "survey_surveyquestion" ("id", "titleKey", "qtype", "qindex", "service_category_id", "section_id", "maxPoints") VALUES (25, 'Q025', 'MT', 25, 4, 1, 0);
INSERT INTO "survey_surveyquestion" ("id", "titleKey", "qtype", "qindex", "service_category_id", "section_id", "maxPoints") VALUES (26, 'Q026', 'MT', 26, 4, 1, 0);



/* survey_surveyquestionanswer */
INSERT INTO "survey_surveyquestionanswer" ("id", "answerKey", "aindex", "question_id", "uniqueAnswer", "score", "atype") VALUES (1, 'Q001A001', 10, 1, FALSE, 0, 'P');
INSERT INTO "survey_surveyquestionanswer" ("id", "answerKey", "aindex", "question_id", "uniqueAnswer", "score", "atype") VALUES (2, 'Q001A002', 11, 1, TRUE, 0, 'P');
INSERT INTO "survey_surveyquestionanswer" ("id", "answerKey", "aindex", "question_id", "uniqueAnswer", "score", "atype") VALUES (3, 'Q001A003', 12, 1, TRUE, 0, 'P');
INSERT INTO "survey_surveyquestionanswer" ("id", "answerKey", "aindex", "question_id", "uniqueAnswer", "score", "atype") VALUES (4, 'Q001A004', 13, 1, TRUE, 0, 'P');
INSERT INTO "survey_surveyquestionanswer" ("id", "answerKey", "aindex", "question_id", "uniqueAnswer", "score", "atype") VALUES (5, 'Q001A005', 14, 1, TRUE, 0, 'P');
INSERT INTO "survey_surveyquestionanswer" ("id", "answerKey", "aindex", "question_id", "uniqueAnswer", "score", "atype") VALUES (6, 'Q001A006', 15, 1, TRUE, 0, 'P');
INSERT INTO "survey_surveyquestionanswer" ("id", "answerKey", "aindex", "question_id", "uniqueAnswer", "score", "atype") VALUES (7, 'Q001A007', 16, 1, TRUE, 0, 'T');

INSERT INTO "survey_surveyquestionanswer" ("id", "answerKey", "aindex", "question_id", "uniqueAnswer", "score", "atype") VALUES (8, 'Q002A001', 10, 2, TRUE, 0, 'T');
INSERT INTO "survey_surveyquestionanswer" ("id", "answerKey", "aindex", "question_id", "uniqueAnswer", "score", "atype") VALUES (9, 'Q003A001', 10, 3, TRUE, 0, 'T');
INSERT INTO "survey_surveyquestionanswer" ("id", "answerKey", "aindex", "question_id", "uniqueAnswer", "score", "atype") VALUES (10, 'Q004A001', 10, 4, TRUE, 0, 'T');
INSERT INTO "survey_surveyquestionanswer" ("id", "answerKey", "aindex", "question_id", "uniqueAnswer", "score", "atype") VALUES (11, 'Q005A001', 10, 5, TRUE, 0, 'T');
INSERT INTO "survey_surveyquestionanswer" ("id", "answerKey", "aindex", "question_id", "uniqueAnswer", "score", "atype") VALUES (12, 'Q006A001', 10, 6, TRUE, 0, 'T');
INSERT INTO "survey_surveyquestionanswer" ("id", "answerKey", "aindex", "question_id", "uniqueAnswer", "score", "atype") VALUES (13, 'Q007A001', 10, 7, TRUE, 0, 'T');
INSERT INTO "survey_surveyquestionanswer" ("id", "answerKey", "aindex", "question_id", "uniqueAnswer", "score", "atype") VALUES (14, 'Q008A001', 10, 8, TRUE, 0, 'T');

INSERT INTO "survey_surveyquestionanswer" ("id", "answerKey", "aindex", "question_id", "uniqueAnswer", "score", "atype") VALUES (15, 'Q009A001', 10, 9, FALSE, 0, 'P');
INSERT INTO "survey_surveyquestionanswer" ("id", "answerKey", "aindex", "question_id", "uniqueAnswer", "score", "atype") VALUES (16, 'Q009A002', 20, 9, FALSE, 0, 'P');
INSERT INTO "survey_surveyquestionanswer" ("id", "answerKey", "aindex", "question_id", "uniqueAnswer", "score", "atype") VALUES (17, 'Q009A003', 30, 9, FALSE, 0, 'P');
INSERT INTO "survey_surveyquestionanswer" ("id", "answerKey", "aindex", "question_id", "uniqueAnswer", "score", "atype") VALUES (18, 'Q009A004', 40, 9, FALSE, 0, 'T');

INSERT INTO "survey_surveyquestionanswer" ("id", "answerKey", "aindex", "question_id", "uniqueAnswer", "score", "atype") VALUES (19, 'Q010A001', 10, 10, TRUE, 0, 'P');
INSERT INTO "survey_surveyquestionanswer" ("id", "answerKey", "aindex", "question_id", "uniqueAnswer", "score", "atype") VALUES (20, 'Q010A002', 20, 10, FALSE, 0, 'P');
INSERT INTO "survey_surveyquestionanswer" ("id", "answerKey", "aindex", "question_id", "uniqueAnswer", "score", "atype") VALUES (21, 'Q010A003', 30, 10, FALSE, 0, 'P');
INSERT INTO "survey_surveyquestionanswer" ("id", "answerKey", "aindex", "question_id", "uniqueAnswer", "score", "atype") VALUES (22, 'Q010A004', 40, 10, FALSE, 0, 'P');
INSERT INTO "survey_surveyquestionanswer" ("id", "answerKey", "aindex", "question_id", "uniqueAnswer", "score", "atype") VALUES (23, 'Q010A005', 50, 10, FALSE, 0, 'P');
INSERT INTO "survey_surveyquestionanswer" ("id", "answerKey", "aindex", "question_id", "uniqueAnswer", "score", "atype") VALUES (24, 'Q010A006', 60, 10, FALSE, 0, 'T');

INSERT INTO "survey_surveyquestionanswer" ("id", "answerKey", "aindex", "question_id", "uniqueAnswer", "score", "atype") VALUES (25, 'Q011A001', 10, 11, FALSE, 0, 'P');
INSERT INTO "survey_surveyquestionanswer" ("id", "answerKey", "aindex", "question_id", "uniqueAnswer", "score", "atype") VALUES (26, 'Q011A002', 20, 11, FALSE, 0, 'P');
INSERT INTO "survey_surveyquestionanswer" ("id", "answerKey", "aindex", "question_id", "uniqueAnswer", "score", "atype") VALUES (27, 'Q011A003', 30, 11, FALSE, 0, 'P');

INSERT INTO "survey_surveyquestionanswer" ("id", "answerKey", "aindex", "question_id", "uniqueAnswer", "score", "atype") VALUES (28, 'Q012A001', 10, 12, FALSE, 0, 'P');
INSERT INTO "survey_surveyquestionanswer" ("id", "answerKey", "aindex", "question_id", "uniqueAnswer", "score", "atype") VALUES (29, 'Q012A002', 20, 12, FALSE, 0, 'P');
INSERT INTO "survey_surveyquestionanswer" ("id", "answerKey", "aindex", "question_id", "uniqueAnswer", "score", "atype") VALUES (30, 'Q012A003', 30, 12, FALSE, 0, 'P');
INSERT INTO "survey_surveyquestionanswer" ("id", "answerKey", "aindex", "question_id", "uniqueAnswer", "score", "atype") VALUES (31, 'Q012A004', 40, 12, FALSE, 0, 'T');

INSERT INTO "survey_surveyquestionanswer" ("id", "answerKey", "aindex", "question_id", "uniqueAnswer", "score", "atype") VALUES (32, 'Q013A001', 10, 13, TRUE, 0, 'P');
INSERT INTO "survey_surveyquestionanswer" ("id", "answerKey", "aindex", "question_id", "uniqueAnswer", "score", "atype") VALUES (33, 'Q013A002', 20, 13, FALSE, 0, 'P');
INSERT INTO "survey_surveyquestionanswer" ("id", "answerKey", "aindex", "question_id", "uniqueAnswer", "score", "atype") VALUES (34, 'Q013A003', 30, 13, FALSE, 0, 'P');
INSERT INTO "survey_surveyquestionanswer" ("id", "answerKey", "aindex", "question_id", "uniqueAnswer", "score", "atype") VALUES (35, 'Q013A004', 40, 13, FALSE, 0, 'P');
INSERT INTO "survey_surveyquestionanswer" ("id", "answerKey", "aindex", "question_id", "uniqueAnswer", "score", "atype") VALUES (36, 'Q013A005', 50, 13, FALSE, 0, 'T');


INSERT INTO "survey_surveyquestionanswer" ("id", "answerKey", "aindex", "question_id", "uniqueAnswer", "score", "atype") VALUES (37, 'Q014A001', 10, 14, TRUE, 0, 'P');
INSERT INTO "survey_surveyquestionanswer" ("id", "answerKey", "aindex", "question_id", "uniqueAnswer", "score", "atype") VALUES (38, 'Q014A002', 20, 14, FALSE, 0, 'P');
INSERT INTO "survey_surveyquestionanswer" ("id", "answerKey", "aindex", "question_id", "uniqueAnswer", "score", "atype") VALUES (39, 'Q014A003', 30, 14, FALSE, 0, 'P');
INSERT INTO "survey_surveyquestionanswer" ("id", "answerKey", "aindex", "question_id", "uniqueAnswer", "score", "atype") VALUES (40, 'Q014A004', 40, 14, FALSE, 0, 'P');
INSERT INTO "survey_surveyquestionanswer" ("id", "answerKey", "aindex", "question_id", "uniqueAnswer", "score", "atype") VALUES (41, 'Q014A005', 50, 14, FALSE, 0, 'P');
INSERT INTO "survey_surveyquestionanswer" ("id", "answerKey", "aindex", "question_id", "uniqueAnswer", "score", "atype") VALUES (42, 'Q014A006', 60, 14, FALSE, 0, 'P');
INSERT INTO "survey_surveyquestionanswer" ("id", "answerKey", "aindex", "question_id", "uniqueAnswer", "score", "atype") VALUES (43, 'Q014A007', 70, 14, FALSE, 0, 'P');
INSERT INTO "survey_surveyquestionanswer" ("id", "answerKey", "aindex", "question_id", "uniqueAnswer", "score", "atype") VALUES (44, 'Q014A008', 80, 14, FALSE, 0, 'P');
INSERT INTO "survey_surveyquestionanswer" ("id", "answerKey", "aindex", "question_id", "uniqueAnswer", "score", "atype") VALUES (45, 'Q014A009', 90, 14, FALSE, 0, 'P');
INSERT INTO "survey_surveyquestionanswer" ("id", "answerKey", "aindex", "question_id", "uniqueAnswer", "score", "atype") VALUES (46, 'Q014A010', 100, 14, FALSE, 0, 'P');
INSERT INTO "survey_surveyquestionanswer" ("id", "answerKey", "aindex", "question_id", "uniqueAnswer", "score", "atype") VALUES (47, 'Q014A011', 110, 14, FALSE, 0, 'T');

INSERT INTO "survey_surveyquestionanswer" ("id", "answerKey", "aindex", "question_id", "uniqueAnswer", "score", "atype") VALUES (48, 'Q015A001', 10, 15, TRUE, 0, 'P');
INSERT INTO "survey_surveyquestionanswer" ("id", "answerKey", "aindex", "question_id", "uniqueAnswer", "score", "atype") VALUES (49, 'Q015A002', 20, 15, FALSE, 0, 'P');
INSERT INTO "survey_surveyquestionanswer" ("id", "answerKey", "aindex", "question_id", "uniqueAnswer", "score", "atype") VALUES (50, 'Q015A003', 30, 15, FALSE, 0, 'P');
INSERT INTO "survey_surveyquestionanswer" ("id", "answerKey", "aindex", "question_id", "uniqueAnswer", "score", "atype") VALUES (51, 'Q015A004', 40, 15, FALSE, 0, 'P');
INSERT INTO "survey_surveyquestionanswer" ("id", "answerKey", "aindex", "question_id", "uniqueAnswer", "score", "atype") VALUES (52, 'Q015A005', 50, 15, FALSE, 0, 'P');
INSERT INTO "survey_surveyquestionanswer" ("id", "answerKey", "aindex", "question_id", "uniqueAnswer", "score", "atype") VALUES (53, 'Q015A006', 60, 15, FALSE, 0, 'P');
INSERT INTO "survey_surveyquestionanswer" ("id", "answerKey", "aindex", "question_id", "uniqueAnswer", "score", "atype") VALUES (54, 'Q015A007', 70, 15, FALSE, 0, 'P');
INSERT INTO "survey_surveyquestionanswer" ("id", "answerKey", "aindex", "question_id", "uniqueAnswer", "score", "atype") VALUES (55, 'Q015A008', 80, 15, FALSE, 0, 'T');

INSERT INTO "survey_surveyquestionanswer" ("id", "answerKey", "aindex", "question_id", "uniqueAnswer", "score", "atype") VALUES (56, 'Q016A001', 10, 16, TRUE, 0, 'T');

INSERT INTO "survey_surveyquestionanswer" ("id", "answerKey", "aindex", "question_id", "uniqueAnswer", "score", "atype") VALUES (57, 'Q017A001', 10, 17, FALSE, 0, 'P');
INSERT INTO "survey_surveyquestionanswer" ("id", "answerKey", "aindex", "question_id", "uniqueAnswer", "score", "atype") VALUES (58, 'Q017A002', 20, 17, FALSE, 0, 'P');
INSERT INTO "survey_surveyquestionanswer" ("id", "answerKey", "aindex", "question_id", "uniqueAnswer", "score", "atype") VALUES (59, 'Q017A003', 30, 17, FALSE, 0, 'P');
INSERT INTO "survey_surveyquestionanswer" ("id", "answerKey", "aindex", "question_id", "uniqueAnswer", "score", "atype") VALUES (60, 'Q017A004', 40, 17, FALSE, 0, 'P');

INSERT INTO "survey_surveyquestionanswer" ("id", "answerKey", "aindex", "question_id", "uniqueAnswer", "score", "atype") VALUES (61, 'Q018A001', 10, 18, TRUE, 0, 'T');

INSERT INTO "survey_surveyquestionanswer" ("id", "answerKey", "aindex", "question_id", "uniqueAnswer", "score", "atype") VALUES (62, 'Q019A001', 10, 19, FALSE, 0, 'P');
INSERT INTO "survey_surveyquestionanswer" ("id", "answerKey", "aindex", "question_id", "uniqueAnswer", "score", "atype") VALUES (63, 'Q019A002', 20, 19, FALSE, 0, 'P');
INSERT INTO "survey_surveyquestionanswer" ("id", "answerKey", "aindex", "question_id", "uniqueAnswer", "score", "atype") VALUES (64, 'Q019A003', 30, 19, FALSE, 0, 'P');

INSERT INTO "survey_surveyquestionanswer" ("id", "answerKey", "aindex", "question_id", "uniqueAnswer", "score", "atype") VALUES (65, 'Q020A001', 10, 20, FALSE, 0, 'P');
INSERT INTO "survey_surveyquestionanswer" ("id", "answerKey", "aindex", "question_id", "uniqueAnswer", "score", "atype") VALUES (66, 'Q020A002', 20, 20, FALSE, 0, 'P');
INSERT INTO "survey_surveyquestionanswer" ("id", "answerKey", "aindex", "question_id", "uniqueAnswer", "score", "atype") VALUES (67, 'Q020A003', 30, 20, FALSE, 0, 'P');
INSERT INTO "survey_surveyquestionanswer" ("id", "answerKey", "aindex", "question_id", "uniqueAnswer", "score", "atype") VALUES (68, 'Q020A004', 40, 20, FALSE, 0, 'P');
INSERT INTO "survey_surveyquestionanswer" ("id", "answerKey", "aindex", "question_id", "uniqueAnswer", "score", "atype") VALUES (69, 'Q020A005', 50, 20, FALSE, 0, 'P');
INSERT INTO "survey_surveyquestionanswer" ("id", "answerKey", "aindex", "question_id", "uniqueAnswer", "score", "atype") VALUES (70, 'Q020A006', 60, 20, FALSE, 0, 'T');

INSERT INTO "survey_surveyquestionanswer" ("id", "answerKey", "aindex", "question_id", "uniqueAnswer", "score", "atype") VALUES (71, 'Q021A001', 10, 21, TRUE, 0, 'T');

INSERT INTO "survey_surveyquestionanswer" ("id", "answerKey", "aindex", "question_id", "uniqueAnswer", "score", "atype") VALUES (72, 'Q022A001', 10, 22, FALSE, 0, 'P');
INSERT INTO "survey_surveyquestionanswer" ("id", "answerKey", "aindex", "question_id", "uniqueAnswer", "score", "atype") VALUES (73, 'Q022A002', 20, 22, FALSE, 0, 'P');
INSERT INTO "survey_surveyquestionanswer" ("id", "answerKey", "aindex", "question_id", "uniqueAnswer", "score", "atype") VALUES (74, 'Q022A003', 30, 22, FALSE, 0, 'P');

INSERT INTO "survey_surveyquestionanswer" ("id", "answerKey", "aindex", "question_id", "uniqueAnswer", "score", "atype") VALUES (75, 'Q023A001', 10, 23, TRUE, 0, 'P');
INSERT INTO "survey_surveyquestionanswer" ("id", "answerKey", "aindex", "question_id", "uniqueAnswer", "score", "atype") VALUES (76, 'Q023A002', 20, 23, TRUE, 0, 'P');
INSERT INTO "survey_surveyquestionanswer" ("id", "answerKey", "aindex", "question_id", "uniqueAnswer", "score", "atype") VALUES (77, 'Q023A003', 30, 23, TRUE, 0, 'P');
INSERT INTO "survey_surveyquestionanswer" ("id", "answerKey", "aindex", "question_id", "uniqueAnswer", "score", "atype") VALUES (78, 'Q023A004', 40, 23, TRUE, 0, 'P');
INSERT INTO "survey_surveyquestionanswer" ("id", "answerKey", "aindex", "question_id", "uniqueAnswer", "score", "atype") VALUES (79, 'Q023A005', 50, 23, TRUE, 0, 'T');

INSERT INTO "survey_surveyquestionanswer" ("id", "answerKey", "aindex", "question_id", "uniqueAnswer", "score", "atype") VALUES (80, 'Q024A001', 10, 24, FALSE, 0, 'P');
INSERT INTO "survey_surveyquestionanswer" ("id", "answerKey", "aindex", "question_id", "uniqueAnswer", "score", "atype") VALUES (81, 'Q024A002', 20, 24, TRUE, 0, 'P');
INSERT INTO "survey_surveyquestionanswer" ("id", "answerKey", "aindex", "question_id", "uniqueAnswer", "score", "atype") VALUES (82, 'Q024A003', 30, 24, TRUE, 0, 'P');
INSERT INTO "survey_surveyquestionanswer" ("id", "answerKey", "aindex", "question_id", "uniqueAnswer", "score", "atype") VALUES (83, 'Q024A004', 40, 24, TRUE, 0, 'P');
INSERT INTO "survey_surveyquestionanswer" ("id", "answerKey", "aindex", "question_id", "uniqueAnswer", "score", "atype") VALUES (84, 'Q024A005', 50, 24, TRUE, 0, 'T');

INSERT INTO "survey_surveyquestionanswer" ("id", "answerKey", "aindex", "question_id", "uniqueAnswer", "score", "atype") VALUES (85, 'Q025A001', 10, 25, TRUE, 0, 'P');
INSERT INTO "survey_surveyquestionanswer" ("id", "answerKey", "aindex", "question_id", "uniqueAnswer", "score", "atype") VALUES (86, 'Q025A002', 20, 25, TRUE, 0, 'P');
INSERT INTO "survey_surveyquestionanswer" ("id", "answerKey", "aindex", "question_id", "uniqueAnswer", "score", "atype") VALUES (87, 'Q025A003', 30, 25, TRUE, 0, 'T');


INSERT INTO "survey_surveyquestionanswer" ("id", "answerKey", "aindex", "question_id", "uniqueAnswer", "score", "atype") VALUES (88, 'Q026A001', 10, 26, FALSE, 0, 'P');
INSERT INTO "survey_surveyquestionanswer" ("id", "answerKey", "aindex", "question_id", "uniqueAnswer", "score", "atype") VALUES (89, 'Q026A002', 20, 26, FALSE, 0, 'P');
INSERT INTO "survey_surveyquestionanswer" ("id", "answerKey", "aindex", "question_id", "uniqueAnswer", "score", "atype") VALUES (90, 'Q026A003', 30, 26, FALSE, 0, 'P');
INSERT INTO "survey_surveyquestionanswer" ("id", "answerKey", "aindex", "question_id", "uniqueAnswer", "score", "atype") VALUES (91, 'Q026A004', 40, 26, FALSE, 0, 'P');
INSERT INTO "survey_surveyquestionanswer" ("id", "answerKey", "aindex", "question_id", "uniqueAnswer", "score", "atype") VALUES (92, 'Q026A005', 50, 26, FALSE, 0, 'P');
INSERT INTO "survey_surveyquestionanswer" ("id", "answerKey", "aindex", "question_id", "uniqueAnswer", "score", "atype") VALUES (93, 'Q026A006', 60, 26, FALSE, 0, 'T');

/* survey_recommendations */
INSERT INTO "survey_recommendations" ("textKey", "min_e_count", "max_e_count", "sector", "answerChosen", "forAnswer_id") VALUES ('Q002REC001', 'a', 'j', NULL, TRUE, 9);
INSERT INTO "survey_recommendations" ("textKey", "min_e_count", "max_e_count", "sector", "answerChosen", "forAnswer_id") VALUES ('Q003REC001', 'a', 'j', NULL, TRUE, 17);


/* survey_translationkey */
INSERT INTO "survey_translationkey" ("key", "text", "lang", "ttype") VALUES ('SERVCAT001', 'Category: Risk Management', 'en', 'C');
INSERT INTO "survey_translationkey" ("key", "text", "lang", "ttype") VALUES ('SERVCAT002', 'Category: Collaboration at EU and National Level', 'en', 'C');
INSERT INTO "survey_translationkey" ("key", "text", "lang", "ttype") VALUES ('SERVCAT003', 'Category: Incident Reporting', 'en', 'C');
INSERT INTO "survey_translationkey" ("key", "text", "lang", "ttype") VALUES ('SERVCAT004', 'Category: Priorities and Steps Forward', 'en', 'C');


INSERT INTO "survey_translationkey" ("key", "text", "lang", "ttype") VALUES ('SECTION001', 'Risk Management', 'en', 'S');
INSERT INTO "survey_translationkey" ("key", "text", "lang", "ttype") VALUES ('SECTION002', 'Collaboration at EU and National Level', 'en', 'S');
INSERT INTO "survey_translationkey" ("key", "text", "lang", "ttype") VALUES ('SECTION003', 'Incident reporting', 'en', 'S');
INSERT INTO "survey_translationkey" ("key", "text", "lang", "ttype") VALUES ('SECTION004', 'Priorities and Steps Forward', 'en', 'S');

INSERT INTO "survey_translationkey" ("key", "text", "lang", "ttype") VALUES ('Q001', 'What is the risk management culture in your company?', 'en', 'Q');
    INSERT INTO "survey_translationkey" ("key", "text", "lang", "ttype") VALUES ('Q001A001', 'We do not really have one.', 'en', 'A');
    INSERT INTO "survey_translationkey" ("key", "text", "lang", "ttype") VALUES ('Q001A002', 'There are risk management governance responsibilities in place.', 'en', 'A');
    INSERT INTO "survey_translationkey" ("key", "text", "lang", "ttype") VALUES ('Q001A003', 'Our company performs a Risk Analysis at least once every year.', 'en', 'A');
    INSERT INTO "survey_translationkey" ("key", "text", "lang", "ttype") VALUES ('Q001A004', 'Our company has a documented strategy combining both reacting to incidents and the prevention of incidents.', 'en', 'A');
    INSERT INTO "survey_translationkey" ("key", "text", "lang", "ttype") VALUES ('Q001A005', 'Our company has third-party risk management in place.', 'en', 'A');
    INSERT INTO "survey_translationkey" ("key", "text", "lang", "ttype") VALUES ('Q001A006', 'Our company is covering critical risks even outside of service contracts with providers/third-parties.', 'en', 'A');
    INSERT INTO "survey_translationkey" ("key", "text", "lang", "ttype") VALUES ('Q001A007', 'There are other elements in place, like:', 'en', 'A');

INSERT INTO "survey_translationkey" ("key", "text", "lang", "ttype") VALUES ('Q002', 'Which risk management processes are imposed by the Luxembourg entity, and if applicable, by the company Group?', 'en', 'Q');
    INSERT INTO "survey_translationkey" ("key", "text", "lang", "ttype") VALUES ('Q002A001', 'Please describe:', 'en', 'A');

INSERT INTO "survey_translationkey" ("key", "text", "lang", "ttype") VALUES ('Q003', 'What are the challenges related to performing existing Risk Management processes or practices? ', 'en', 'Q');
    INSERT INTO "survey_translationkey" ("key", "text", "lang", "ttype") VALUES ('Q003A001', 'Please describe:', 'en', 'A');

INSERT INTO "survey_translationkey" ("key", "text", "lang", "ttype") VALUES ('Q004', 'What can be improved about the existing Risk Management practices, in general?', 'en', 'Q');
    INSERT INTO "survey_translationkey" ("key", "text", "lang", "ttype") VALUES ('Q004A001', 'Please describe:', 'en', 'A');

INSERT INTO "survey_translationkey" ("key", "text", "lang", "ttype") VALUES ('Q005', 'What are the requirements related to Information Security risks, that apply to your company and your sector?', 'en', 'Q');
    INSERT INTO "survey_translationkey" ("key", "text", "lang", "ttype") VALUES ('Q005A001', 'Please describe:', 'en', 'A');

INSERT INTO "survey_translationkey" ("key", "text", "lang", "ttype") VALUES ('Q006', 'What is the complexity of the requirements described previously (if any)?', 'en', 'Q');
    INSERT INTO "survey_translationkey" ("key", "text", "lang", "ttype") VALUES ('Q006A001', 'Please describe:', 'en', 'A');

INSERT INTO "survey_translationkey" ("key", "text", "lang", "ttype") VALUES ('Q007', 'What are the contradictions among risk management requirements (if any)?', 'en', 'Q');
    INSERT INTO "survey_translationkey" ("key", "text", "lang", "ttype") VALUES ('Q007A001', 'Please describe:', 'en', 'A');

INSERT INTO "survey_translationkey" ("key", "text", "lang", "ttype") VALUES ('Q008', 'What are the overlaps among risk management requirements (if any)?', 'en', 'Q');
    INSERT INTO "survey_translationkey" ("key", "text", "lang", "ttype") VALUES ('Q008A001', 'Please describe:', 'en', 'A');

INSERT INTO "survey_translationkey" ("key", "text", "lang", "ttype") VALUES ('Q009', 'Which standardized risk management practices are recommended to you by the group (if any)?', 'en', 'Q');
    INSERT INTO "survey_translationkey" ("key", "text", "lang", "ttype") VALUES ('Q009A001', 'None.', 'en', 'A');
    INSERT INTO "survey_translationkey" ("key", "text", "lang", "ttype") VALUES ('Q009A002', 'None and not needed nor desired.', 'en', 'A');
    INSERT INTO "survey_translationkey" ("key", "text", "lang", "ttype") VALUES ('Q009A003', 'None, but we would love some support.', 'en', 'A');
    INSERT INTO "survey_translationkey" ("key", "text", "lang", "ttype") VALUES ('Q009A004', 'Some. The list them includes:', 'en', 'A');

INSERT INTO "survey_translationkey" ("key", "text", "lang", "ttype") VALUES ('Q010', 'What guidance do you have from national and international groups or authorities?', 'en', 'Q');
    INSERT INTO "survey_translationkey" ("key", "text", "lang", "ttype") VALUES ('Q010A001', 'None.', 'en', 'A');
    INSERT INTO "survey_translationkey" ("key", "text", "lang", "ttype") VALUES ('Q010A002', 'Help with identification of incidents.', 'en', 'A');
    INSERT INTO "survey_translationkey" ("key", "text", "lang", "ttype") VALUES ('Q010A003', 'New relevant standards in the field.', 'en', 'A');
    INSERT INTO "survey_translationkey" ("key", "text", "lang", "ttype") VALUES ('Q010A004', 'Educational Program(s).', 'en', 'A');
    INSERT INTO "survey_translationkey" ("key", "text", "lang", "ttype") VALUES ('Q010A005', 'National guidance.', 'en', 'A');
    INSERT INTO "survey_translationkey" ("key", "text", "lang", "ttype") VALUES ('Q010A006', 'Other (please describe):', 'en', 'A');


INSERT INTO "survey_translationkey" ("key", "text", "lang", "ttype") VALUES ('Q011', 'Which standardized risk management practices are recommended to you by the group (if any)?', 'en', 'Q');
    INSERT INTO "survey_translationkey" ("key", "text", "lang", "ttype") VALUES ('Q011A001', 'A lot.', 'en', 'A');
    INSERT INTO "survey_translationkey" ("key", "text", "lang", "ttype") VALUES ('Q011A002', 'Little.', 'en', 'A');
    INSERT INTO "survey_translationkey" ("key", "text", "lang", "ttype") VALUES ('Q011A003', 'None at all.', 'en', 'A');

INSERT INTO "survey_translationkey" ("key", "text", "lang", "ttype") VALUES ('Q012', 'Do you have specific regulations in your sector concerning cybersecurity?', 'en', 'Q');
    INSERT INTO "survey_translationkey" ("key", "text", "lang", "ttype") VALUES ('Q012A001', 'Telecom regulations.', 'en', 'A');
    INSERT INTO "survey_translationkey" ("key", "text", "lang", "ttype") VALUES ('Q012A002', 'The NIS Directive.', 'en', 'A');
    INSERT INTO "survey_translationkey" ("key", "text", "lang", "ttype") VALUES ('Q012A003', 'Aviation Regulations.', 'en', 'A');
    INSERT INTO "survey_translationkey" ("key", "text", "lang", "ttype") VALUES ('Q012A004', 'Other - please list:', 'en', 'A');

INSERT INTO "survey_translationkey" ("key", "text", "lang", "ttype") VALUES ('Q013', 'Are you obliged to comply with any of the following regulations?', 'en', 'Q');
    INSERT INTO "survey_translationkey" ("key", "text", "lang", "ttype") VALUES ('Q013A001', 'No obligation to comply to any regulation.', 'en', 'A');
    INSERT INTO "survey_translationkey" ("key", "text", "lang", "ttype") VALUES ('Q013A002', 'Telecom regulations.', 'en', 'A');
    INSERT INTO "survey_translationkey" ("key", "text", "lang", "ttype") VALUES ('Q013A003', 'The NIS Directive.', 'en', 'A');
    INSERT INTO "survey_translationkey" ("key", "text", "lang", "ttype") VALUES ('Q013A004', 'Aviation Regulations.', 'en', 'A');
    INSERT INTO "survey_translationkey" ("key", "text", "lang", "ttype") VALUES ('Q013A005', 'Other:', 'en', 'A');


INSERT INTO "survey_translationkey" ("key", "text", "lang", "ttype") VALUES ('Q014', 'Is your organization voluntarily compliant with any of the following standards and guidelines?', 'en', 'Q');
    INSERT INTO "survey_translationkey" ("key", "text", "lang", "ttype") VALUES ('Q014A001', 'We are not compliant with any standards nor guidelines.', 'en', 'A');
    INSERT INTO "survey_translationkey" ("key", "text", "lang", "ttype") VALUES ('Q014A002', 'Technical guidelines published by ENISA for our sector.', 'en', 'A');
    INSERT INTO "survey_translationkey" ("key", "text", "lang", "ttype") VALUES ('Q014A003', 'Guidelines published by the NIS Cooperation group.', 'en', 'A');
    INSERT INTO "survey_translationkey" ("key", "text", "lang", "ttype") VALUES ('Q014A004', 'NIST risk management or cybersecurity framework and standards.', 'en', 'A');
    INSERT INTO "survey_translationkey" ("key", "text", "lang", "ttype") VALUES ('Q014A005', 'ISO27000 standards.', 'en', 'A');
    INSERT INTO "survey_translationkey" ("key", "text", "lang", "ttype") VALUES ('Q014A006', 'CoBIT.', 'en', 'A');
    INSERT INTO "survey_translationkey" ("key", "text", "lang", "ttype") VALUES ('Q014A007', 'NESAS – Network Equipment Security Assurance Scheme.', 'en', 'A');
    INSERT INTO "survey_translationkey" ("key", "text", "lang", "ttype") VALUES ('Q014A008', 'eBIOS.', 'en', 'A');
    INSERT INTO "survey_translationkey" ("key", "text", "lang", "ttype") VALUES ('Q014A009', 'CEER Guidelines.', 'en', 'A');
    INSERT INTO "survey_translationkey" ("key", "text", "lang", "ttype") VALUES ('Q014A010', 'ACEER Guidelines.', 'en', 'A');
    INSERT INTO "survey_translationkey" ("key", "text", "lang", "ttype") VALUES ('Q014A011', 'Other:', 'en', 'A');


INSERT INTO "survey_translationkey" ("key", "text", "lang", "ttype") VALUES ('Q015', 'To your knowledge, to what extent has your organization performed the following?', 'en', 'Q');
    INSERT INTO "survey_translationkey" ("key", "text", "lang", "ttype") VALUES ('Q015A001', 'Inventory of assets (primary and secondary).', 'en', 'A');
    INSERT INTO "survey_translationkey" ("key", "text", "lang", "ttype") VALUES ('Q015A002', 'Critical assets inventory.', 'en', 'A');
    INSERT INTO "survey_translationkey" ("key", "text", "lang", "ttype") VALUES ('Q015A003', 'Inventory of third-party and outsourcing providers.', 'en', 'A');
    INSERT INTO "survey_translationkey" ("key", "text", "lang", "ttype") VALUES ('Q015A004', 'Overview of existing security measures, depending on security objectives.', 'en', 'A');
    INSERT INTO "survey_translationkey" ("key", "text", "lang", "ttype") VALUES ('Q015A005', 'Business continuity planning.', 'en', 'A');
    INSERT INTO "survey_translationkey" ("key", "text", "lang", "ttype") VALUES ('Q015A006', 'Threat modelling and threat awareness.', 'en', 'A');
    INSERT INTO "survey_translationkey" ("key", "text", "lang", "ttype") VALUES ('Q015A007', 'None of the above.', 'en', 'A');
    INSERT INTO "survey_translationkey" ("key", "text", "lang", "ttype") VALUES ('Q015A008', 'Any details you would like to share (for example, done/ongoing/not done/no idea what these actions mean):', 'en', 'A');


INSERT INTO "survey_translationkey" ("key", "text", "lang", "ttype") VALUES ('Q016', 'What are the main challenges that you have faced when it comes to performing and maintaining good risk management practices?', 'en', 'Q');
    INSERT INTO "survey_translationkey" ("key", "text", "lang", "ttype") VALUES ('Q016A001', 'Please describe:', 'en', 'A');

INSERT INTO "survey_translationkey" ("key", "text", "lang", "ttype") VALUES ('Q017', 'When is the last time your organization been was audited in an independent audit that looked at ICT risk management?', 'en', 'Q');
    INSERT INTO "survey_translationkey" ("key", "text", "lang", "ttype") VALUES ('Q017A001', 'Never.', 'en', 'A');
    INSERT INTO "survey_translationkey" ("key", "text", "lang", "ttype") VALUES ('Q017A002', 'In the last 3 years.', 'en', 'A');
    INSERT INTO "survey_translationkey" ("key", "text", "lang", "ttype") VALUES ('Q017A003', 'In the last 5 years.', 'en', 'A');
    INSERT INTO "survey_translationkey" ("key", "text", "lang", "ttype") VALUES ('Q017A004', 'More than 5 years ago.', 'en', 'A');

INSERT INTO "survey_translationkey" ("key", "text", "lang", "ttype") VALUES ('Q018', 'What concrete tools are you using, or considering to use, for ICT risk management in your organisation?', 'en', 'Q');
    INSERT INTO "survey_translationkey" ("key", "text", "lang", "ttype") VALUES ('Q018A001', 'Please describe:', 'en', 'A');

INSERT INTO "survey_translationkey" ("key", "text", "lang", "ttype") VALUES ('Q019', 'How often does your organization communicate with the authorities in Luxembourg (e.g., CSSF, ILR, CNPD or others)?', 'en', 'Q');
    INSERT INTO "survey_translationkey" ("key", "text", "lang", "ttype") VALUES ('Q019A001', 'Never.', 'en', 'A');
    INSERT INTO "survey_translationkey" ("key", "text", "lang", "ttype") VALUES ('Q019A002', 'Several times a year.', 'en', 'A');
    INSERT INTO "survey_translationkey" ("key", "text", "lang", "ttype") VALUES ('Q019A003', 'Less than or exactly once a year', 'en', 'A');

INSERT INTO "survey_translationkey" ("key", "text", "lang", "ttype") VALUES ('Q020', 'When is the last time you collaborated with ISACs, CSIRTs or similar organisations, or with the MISP community in your sector?', 'en', 'Q');
    INSERT INTO "survey_translationkey" ("key", "text", "lang", "ttype") VALUES ('Q020A001', 'ENISA.', 'en', 'A');
    INSERT INTO "survey_translationkey" ("key", "text", "lang", "ttype") VALUES ('Q020A002', 'ISACs.', 'en', 'A');
    INSERT INTO "survey_translationkey" ("key", "text", "lang", "ttype") VALUES ('Q020A003', 'CSIRT or similar.', 'en', 'A');
    INSERT INTO "survey_translationkey" ("key", "text", "lang", "ttype") VALUES ('Q020A004', 'MISP community.', 'en', 'A');
    INSERT INTO "survey_translationkey" ("key", "text", "lang", "ttype") VALUES ('Q020A005', 'None of the above.', 'en', 'A');
    INSERT INTO "survey_translationkey" ("key", "text", "lang", "ttype") VALUES ('Q020A006', 'Please indicate the frequency or if it is another organisation:', 'en', 'A');

INSERT INTO "survey_translationkey" ("key", "text", "lang", "ttype") VALUES ('Q021', 'In case of a security incident, does your organization interact with other service operators to solve the issue, or is it more in competition with them?', 'en', 'Q');
    INSERT INTO "survey_translationkey" ("key", "text", "lang", "ttype") VALUES ('Q021A001', 'Please describe:', 'en', 'A');

INSERT INTO "survey_translationkey" ("key", "text", "lang", "ttype") VALUES ('Q022', 'What do you consider is the utility to you when your organisation has to report incidents to authorities?', 'en', 'Q');
    INSERT INTO "survey_translationkey" ("key", "text", "lang", "ttype") VALUES ('Q022A001', 'It is a burden for us.', 'en', 'A');
    INSERT INTO "survey_translationkey" ("key", "text", "lang", "ttype") VALUES ('Q022A002', 'It is useful for us.', 'en', 'A');
    INSERT INTO "survey_translationkey" ("key", "text", "lang", "ttype") VALUES ('Q022A003', 'Reporting neither helps nor hinders us.', 'en', 'A');

INSERT INTO "survey_translationkey" ("key", "text", "lang", "ttype") VALUES ('Q023', 'To whom to you report the same incident, when it appears?', 'en', 'Q');
    INSERT INTO "survey_translationkey" ("key", "text", "lang", "ttype") VALUES ('Q023A001', 'Only to one authority.', 'en', 'A');
    INSERT INTO "survey_translationkey" ("key", "text", "lang", "ttype") VALUES ('Q023A002', 'To multiple authorities.', 'en', 'A');
    INSERT INTO "survey_translationkey" ("key", "text", "lang", "ttype") VALUES ('Q023A003', 'To National CERTs / CSIRTs.', 'en', 'A');
    INSERT INTO "survey_translationkey" ("key", "text", "lang", "ttype") VALUES ('Q023A004', 'To sector-specific CERTs / CSIRTs.', 'en', 'A');
    INSERT INTO "survey_translationkey" ("key", "text", "lang", "ttype") VALUES ('Q023A005', 'Other - please describe:', 'en', 'A');

INSERT INTO "survey_translationkey" ("key", "text", "lang", "ttype") VALUES ('Q024', 'What kind of feedback would you consider as helpful to receive from an authority following the mandatory incident reporting?', 'en', 'Q');
    INSERT INTO "survey_translationkey" ("key", "text", "lang", "ttype") VALUES ('Q024A001', 'Nothing.', 'en', 'A');
    INSERT INTO "survey_translationkey" ("key", "text", "lang", "ttype") VALUES ('Q024A002', 'Connecting to companies with the same issues.', 'en', 'A');
    INSERT INTO "survey_translationkey" ("key", "text", "lang", "ttype") VALUES ('Q024A003', 'Guidance on solving the issue based on previous experience.', 'en', 'A');
    INSERT INTO "survey_translationkey" ("key", "text", "lang", "ttype") VALUES ('Q024A004', 'Guidance on preventing those kinds of issues in the future.', 'en', 'A');
    INSERT INTO "survey_translationkey" ("key", "text", "lang", "ttype") VALUES ('Q024A005', 'Other - please describe:', 'en', 'A');

INSERT INTO "survey_translationkey" ("key", "text", "lang", "ttype") VALUES ('Q025', 'Do you consider you have a skill shortage in terms of cybersecurity and risk management?', 'en', 'Q');
    INSERT INTO "survey_translationkey" ("key", "text", "lang", "ttype") VALUES ('Q025A001', 'Yes indeed, we don''t have enough skills in these areas.', 'en', 'A');
    INSERT INTO "survey_translationkey" ("key", "text", "lang", "ttype") VALUES ('Q025A002', 'No, we have the skills but the problems are elsewhere.', 'en', 'A');
    INSERT INTO "survey_translationkey" ("key", "text", "lang", "ttype") VALUES ('Q025A003', 'Any other details:', 'en', 'A');


INSERT INTO "survey_translationkey" ("key", "text", "lang", "ttype") VALUES ('Q026', 'Which of the measures below would be of help to your organisation?', 'en', 'Q');
    INSERT INTO "survey_translationkey" ("key", "text", "lang", "ttype") VALUES ('Q026A001', 'To be put in contact with other operators in Luxembourg and abroad, related to risk management and information security.', 'en', 'A');
    INSERT INTO "survey_translationkey" ("key", "text", "lang", "ttype") VALUES ('Q026A002', 'To receive more guidance on both operational and technical areas, local or EU level.', 'en', 'A');
    INSERT INTO "survey_translationkey" ("key", "text", "lang", "ttype") VALUES ('Q026A003', 'To have a central platform to help security experts from different operators, communicate and discuss issues.', 'en', 'A');
    INSERT INTO "survey_translationkey" ("key", "text", "lang", "ttype") VALUES ('Q026A004', 'To have more transparency from the authorities in Luxembourg (what they want to see, what approach they will take to do any audits, etc).', 'en', 'A');
    INSERT INTO "survey_translationkey" ("key", "text", "lang", "ttype") VALUES ('Q026A005', 'A single reporting platform to report incidents to multiple authorities.', 'en', 'A');
    INSERT INTO "survey_translationkey" ("key", "text", "lang", "ttype") VALUES ('Q026A006', 'Other - please describe:', 'en', 'A');


INSERT INTO "survey_translationkey" ("key", "text", "lang", "ttype") VALUES ('Q002REC001', 'The only true wisdom is in knowing you know nothing.', 'en', 'R');
INSERT INTO "survey_translationkey" ("key", "text", "lang", "ttype") VALUES ('Q003REC001', 'Wonder is the beginning of wisdom.', 'en', 'R');


-- Update the sequences IDs
SELECT setval('survey_surveysection_id_seq', (SELECT MAX(id) from "survey_surveysection"));
SELECT setval('survey_surveyquestionservicecategory_id_seq', (SELECT MAX(id) from "survey_surveyquestionservicecategory"));
SELECT setval('survey_surveyquestion_id_seq', (SELECT MAX(id) from "survey_surveyquestion"));
SELECT setval('survey_surveyquestionanswer_id_seq', (SELECT MAX(id) from "survey_surveyquestionanswer"));
